{
    "@class": "com.kony.gen.viz.model.component.KVizButton",
    "DNDConfig": null,
    "__parentReadjusting__": false,
    "_height_": {
        "type": "string",
        "value": "100%"
    },
    "_margin_": [
        6,
        6,
        6,
        6
    ],
    "_padding_": [
        0,
        0,
        0,
        0
    ],
    "_right_": {
        "type": "number",
        "value": "0"
    },
    "_skin_": "sc85fa311bd74389aa0824f26f421180",
    "_text_": "Button",
    "_top_": {
        "type": "string",
        "value": "0dp"
    },
    "_width_": {
        "type": "string",
        "value": "20%"
    },
    "canUpdateUI": true,
    "containerweight": 100,
    "contentalignment": 5,
    "disabledSkins": {},
    "displaytext": false,
    "focusskin": "sad55c808d494140ac0be977ea59e6ea",
    "id": "addTaskButton",
    "ide_onClick": "AS_Button_d80a2fd5fa044585b96f075af5257c66",
    "info": null,
    "isvisible": true,
    "kuid": "f3fe3c1c803d42d9b116f39bdd6f3583",
    "name": "kony.ui.Button",
    "onclick": "AS_NamedActions_538e2854693c4aaaa5d4e5329679dbe7",
    "parent": "FlexContainer0a084c6bbc7264c",
    "pf": "taskList",
    "wType": "Button",
    "zindex": 5
}