{
    "@class": "com.kony.gen.viz.model.container.KVizSegment2",
    "DNDConfig": null,
    "__parentReadjusting__": false,
    "_bottom_": {
        "type": "string",
        "value": "0dp"
    },
    "_data_": [
        {
            "lblID": {
                "@class": "com.viz.ide.model.segment.SimpleTextSegmentData",
                "text": ""
            },
            "lblTitle": {
                "@class": "com.viz.ide.model.segment.SimpleTextSegmentData",
                "text": ""
            }
        }
    ],
    "_indicator_": "none",
    "_left_": {
        "type": "string",
        "value": "0dp"
    },
    "_margin_": [
        0,
        0,
        0,
        0
    ],
    "_orientation_": 2,
    "_padding_": [
        0,
        0,
        0,
        0
    ],
    "_top_": {
        "type": "string",
        "value": "55dp"
    },
    "_width_": {
        "type": "string",
        "value": "100%"
    },
    "autogrowmode": 0,
    "canUpdateUI": true,
    "containerweight": 100,
    "counter": "00",
    "focusedindex": null,
    "focuseditem": null,
    "generatedtemplate": "9f910a48f5564d8c87b26e27fbacdac2",
    "groupcells": false,
    "hasSections": false,
    "id": "Segment098265c04911740",
    "ide_onRowClick": "AS_Segment_3c2a89c09c2f4a68966054879eae10f7",
    "info": null,
    "ipad": {
        "psp": {
            "indicator": "rowselect"
        }
    },
    "iphone": {
        "psp": {
            "indicator": "rowselect"
        }
    },
    "isvisible": true,
    "kuid": "e13cca07bb6243078af3cd85cba0ba26",
    "masterdata": {},
    "name": "kony.ui.SegmentedUI2",
    "needpageindicator": true,
    "onrowclick": "AS_Segment_a7165692c45d4a23ab05802355f16e06",
    "pageoffdotimage": "pageoffdot.png",
    "pageondotimage": "pageondot.png",
    "paginationconfig": {
        "position": "bottom"
    },
    "parent": "taskList",
    "pf": "taskList",
    "retainselection": false,
    "rowTemplateId": "9f910a48f5564d8c87b26e27fbacdac2",
    "rowcounter": 0,
    "rowfocusskin": "sdc8275d8d9f42b6aff84bfddb06c544",
    "rowskin": "s10752afaf664f45b1ad5bcf5421e256",
    "rowtemplate": "FBox015dcfde6d44944",
    "screenlevelwidget": false,
    "seccounter": 0,
    "sectionheaderskin": "s9d0cfeef9974387902fd1d8db3ef08d",
    "selectedRows": null,
    "selectedState": false,
    "selectedindex": null,
    "selectedindices": null,
    "selecteditems": null,
    "selectedsectionindex": 0,
    "selectionbehavior": "default",
    "separatorrequired": true,
    "showscrollbars": false,
    "viewtype": "tableview",
    "wType": "Segment",
    "widgetalignment": 5,
    "widgetdatamap": {
        "lblID": "lblID",
        "lblTitle": "lblTitle"
    },
    "zindex": 1
}