{
    "@class": "com.kony.gen.viz.model.container.KVizScrollFlexForm",
    "DNDConfig": null,
    "_margin_": [
        0,
        0,
        0,
        0
    ],
    "_orientation_": 1,
    "_padding_": [
        0,
        0,
        0,
        0
    ],
    "_percent_": true,
    "_skin_": "s1a423c9830a40ff9d28af7f93880e46",
    "_title_": null,
    "addWidgetsdone": false,
    "allboxes": [],
    "android": {
        "needAppMenu": false
    },
    "bounces": false,
    "canUpdateUI": true,
    "children": [
        "FlexContainer0a084c6bbc7264c",
        "Segment098265c04911740"
    ],
    "containerweight": 100,
    "currentLocale": null,
    "desktopweb": {
        "needAppMenu": false
    },
    "device": "iPhone6",
    "displayorientation": 1,
    "enabledforidletimeout": false,
    "enablescrolling": false,
    "id": "taskList",
    "ide_init": "AS_Form_43a4d1cc881a4ea2932ca3f4347131f2",
    "ide_preShow": "AS_Form_5fa3042e3756463a98f91f3da2c869fc",
    "info": null,
    "initdone": false,
    "inputaccessoryviewtype": 4,
    "ipad": {
        "psp": {
            "inputAccessoryViewType": 4
        }
    },
    "iphone": {
        "needAppMenu": false,
        "psp": {
            "inputAccessoryViewType": 4,
            "titleBarConfig": {
                "buttonClosureLeftSideView": "",
                "buttonClosureRightSideView": "",
                "buttonText": "Edit",
                "leftButtonText": "Back",
                "leftTitle": "Back",
                "prevFormTitle": false,
                "renderTitleText": true,
                "rightTitle": "Edit",
                "titleBarLeftSideView": "button",
                "titleBarRightSideView": "button",
                "titleClosureLeftSideView": "",
                "titleClosureRightSideView": "",
                "visible": false
            }
        },
        "titleBar": false
    },
    "isvisible": true,
    "kuid": "4bf6300e9c2d4825b39558889bb1d820",
    "layouttype": 2,
    "name": "kony.ui.Form2",
    "needappmenu": true,
    "paddinginpixel": false,
    "platform": "iphone",
    "prevDevice": "GalaxyS5",
    "prevPlatform": "android",
    "retainscrollposition": false,
    "shellCSS": "iOS_iPhone6",
    "snapgridsize": 10,
    "snaptogrid": true,
    "spaan": {
        "needAppMenu": false
    },
    "spabb": {
        "needAppMenu": false
    },
    "spaip": {
        "needAppMenu": false
    },
    "spawinphone8": {
        "needAppMenu": false
    },
    "titleBarSkin": "s7b2b1f66c9b4ca2a9e2d14ae5eba1fb",
    "titlebar": true,
    "type": 3,
    "wType": "Form",
    "winphone8": {
        "needAppMenu": false
    }
}