<application id="SSOTest1" name="SSOTest1" ffixmlversion="2.0" language="js"><jsnamespace namespace="SSOFFI" iphoneheaders="keychainFFI.zip:keychainFFI.h" ipadheaders=""><jsclasses></jsclasses><jsfunctions><jsfunction name="saveToken" returntype="Boolean"><params><param name="item" type="String"/><param name="key" type="String"/></params><mappings><mapping platform="iphone" library="keychainFFI.zip" namespace="" class="keychainFFI" static="true" method="setItem:forKey:" returntype="BOOL"  frameworks=""><params><param type="NSString"/><param type="NSString"/></params></mapping><mapping platform="android" library="broadcast.jar" namespace="com.kony.sso" class="SSOHelper" static="true" method="insertToken" returntype="boolean"  frameworks=""><params><param type="java.lang.String"/><param type="java.lang.String"/></params></mapping></mappings></jsfunction><jsfunction name="getToken" returntype="String"><params><param name="key" type="String"/></params><mappings><mapping platform="iphone" library="keychainFFI.zip" namespace="" class="keychainFFI" static="true" method="itemForKey:" returntype="NSString"  frameworks=""><params><param type="NSString"/></params></mapping><mapping platform="android" library="broadcast.jar" namespace="com.kony.sso" class="SSOHelper" static="true" method="getToken" returntype="java.lang.String"  frameworks=""><params><param type="java.lang.String"/></params></mapping></mappings></jsfunction><jsfunction name="deleteToken" returntype="Boolean"><params><param name="key" type="String"/></params><mappings><mapping platform="iphone" library="keychainFFI.zip" namespace="" class="keychainFFI" static="true" method="deleteItemForKey:" returntype="BOOL"  frameworks=""><params><param type="NSString"/></params></mapping><mapping platform="android" library="broadcast.jar" namespace="com.kony.sso" class="SSOHelper" static="true" method="deleteToken" returntype="boolean"  frameworks=""><params><param type="java.lang.String"/></params></mapping></mappings></jsfunction></jsfunctions></jsnamespace></application>