{
    "AS_Button_2061212ad46840f18d5a0f96c8166dee": {
        "id": "AS_Button_2061212ad46840f18d5a0f96c8166dee",
        "type": "ACTION_SEQUENCE",
        "params": [{
            "datatype": "collection",
            "name": "eventobject"
        }],
        "contextObj": {
            "name": "taskDetail",
            "type": "forms",
            "platform": "",
            "KUID": "65f1f162f0574139be7a908506ce58c8"
        },
        "language": "js",
        "actions": [{
            "id": "ADD_SNIPPET__28f0bb3f48bd4651a424cd3cd56ae523",
            "type": "ADD_SNIPPET",
            "codeSnippet": "\nif(taskDetail.deleteButtonIOS.text===\"Delete\"){\n  \n  doTransactionDelete();\n}\nelse{\n  taskList.show();\n  \n}",
            "parentId": null,
            "callbackType": null
        }]
    }
}