{
    "AS_Button_82cb1047a4794b91bb75b7b3eb621b7f": {
        "id": "AS_Button_82cb1047a4794b91bb75b7b3eb621b7f",
        "type": "ACTION_SEQUENCE",
        "params": [{
            "datatype": "collection",
            "name": "eventobject"
        }],
        "contextObj": {
            "name": "taskDetail",
            "type": "forms",
            "platform": "",
            "KUID": "65f1f162f0574139be7a908506ce58c8"
        },
        "language": "js",
        "actions": [{
            "id": "ADD_SNIPPET__a29c71ce5b0b43be8cb0db8d99b6056e",
            "type": "ADD_SNIPPET",
            "codeSnippet": "if(taskDetail.saveButtonAndroid.text===\"SAVE\"){\n  \n  updateTask();\n}\nelse{\n  createTask();\n  \n}",
            "parentId": null,
            "callbackType": null
        }]
    }
}