{
    "AS_Button_f29528808b88486a96c52ffb9b39fdff": {
        "id": "AS_Button_f29528808b88486a96c52ffb9b39fdff",
        "type": "ACTION_SEQUENCE",
        "params": [{
            "datatype": "collection",
            "name": "eventobject"
        }],
        "contextObj": {
            "name": "taskDetail",
            "type": "forms",
            "platform": "",
            "KUID": "65f1f162f0574139be7a908506ce58c8"
        },
        "language": "js",
        "actions": [{
            "id": "ADD_SNIPPET__c02c6f6a6c814cdb98443df492865500",
            "type": "ADD_SNIPPET",
            "codeSnippet": "if(taskDetail.deleteButtonAndroid.text===\"DELETE\"){\n  \n  deleteTask();\n}\nelse{\n  taskList.show();\n  \n}",
            "parentId": null,
            "callbackType": null
        }]
    }
}