{
    "AS_Button_d80a2fd5fa044585b96f075af5257c66": {
        "id": "AS_Button_d80a2fd5fa044585b96f075af5257c66",
        "type": "ACTION_SEQUENCE",
        "params": [{
            "datatype": "collection",
            "name": "eventobject"
        }],
        "contextObj": {
            "name": "taskList",
            "type": "forms",
            "platform": "",
            "KUID": "4bf6300e9c2d4825b39558889bb1d820"
        },
        "language": "js",
        "actions": [{
            "id": "INVOKE_FUNCTION___95379a0727c54c939d105bb4a4eb9d84",
            "type": "INVOKE_FUNCTION",
            "sequenceKUID": "AddnewTask",
            "display": "AddnewTask",
            "inputparams": [],
            "parentId": null,
            "callbackType": null,
            "disabled": null
        }]
    }
}