{
    "AS_Button_28da27bc27fc4cbca80e1706bede4de3": {
        "id": "AS_Button_28da27bc27fc4cbca80e1706bede4de3",
        "type": "ACTION_SEQUENCE",
        "params": [{
            "datatype": "collection",
            "name": "eventobject"
        }],
        "contextObj": {
            "name": "taskDetail",
            "type": "forms",
            "platform": "",
            "KUID": "65f1f162f0574139be7a908506ce58c8"
        },
        "language": "js",
        "actions": [{
            "id": "NAVIGATE_TO_FORM___2fcab35f858d476aad78d694f08a3520",
            "type": "NAVIGATE_TO_FORM",
            "formId": "taskList",
            "formKUID": "4bf6300e9c2d4825b39558889bb1d820",
            "mappings": {},
            "mappingsOrder": [],
            "parentId": "",
            "callbackType": null,
            "enableMappingEditor": true
        }]
    }
}