{
    "AS_Button_b8e7b0625fd941e0a0f922586da3ef58": {
        "id": "AS_Button_b8e7b0625fd941e0a0f922586da3ef58",
        "type": "ACTION_SEQUENCE",
        "params": [{
            "datatype": "collection",
            "name": "eventobject"
        }],
        "contextObj": {
            "name": "taskDetail",
            "type": "forms",
            "platform": "",
            "KUID": "65f1f162f0574139be7a908506ce58c8"
        },
        "language": "js",
        "actions": [{
            "id": "ADD_SNIPPET__d481cd4cbc95495b9956067b31d1b9bf",
            "type": "ADD_SNIPPET",
            "codeSnippet": "if(taskDetail.saveButtonIOS.text===\"Save\"){\n  \n  doTransactionUpdate();\n}\nelse{\n  //createTask();\n // insertTable();\n  transaction();\n  \n}",
            "parentId": null,
            "callbackType": null
        }]
    }
}