{
    "AS_Form_5fa3042e3756463a98f91f3da2c869fc": {
        "id": "AS_Form_5fa3042e3756463a98f91f3da2c869fc",
        "type": "ACTION_SEQUENCE",
        "params": [{
            "datatype": "collection",
            "name": "eventobject"
        }],
        "contextObj": {
            "name": "taskList",
            "type": "forms",
            "platform": "",
            "KUID": "4bf6300e9c2d4825b39558889bb1d820"
        },
        "language": "js",
        "actions": [{
            "id": "INVOKE_FUNCTION___d5173a8831944f90b529a67d9f00538b",
            "type": "INVOKE_FUNCTION",
            "sequenceKUID": "doTransactionsqlSelect",
            "display": "doTransactionsqlSelect",
            "inputparams": [],
            "parentId": null,
            "callbackType": null,
            "disabled": null
        }]
    }
}