{
    "AS_Form_43a4d1cc881a4ea2932ca3f4347131f2": {
        "id": "AS_Form_43a4d1cc881a4ea2932ca3f4347131f2",
        "type": "ACTION_SEQUENCE",
        "params": [{
            "datatype": "collection",
            "name": "eventobject"
        }],
        "contextObj": {
            "name": "taskList",
            "type": "forms",
            "platform": "",
            "KUID": "4bf6300e9c2d4825b39558889bb1d820"
        },
        "language": "js",
        "actions": [{
            "id": "INVOKE_FUNCTION___88d124fbfed2426b93d0949039f6062c",
            "type": "INVOKE_FUNCTION",
            "sequenceKUID": "createDB",
            "display": "createDB",
            "inputparams": [],
            "parentId": null,
            "callbackType": null
        }]
    }
}