{
    "AS_Segment_3c2a89c09c2f4a68966054879eae10f7": {
        "id": "AS_Segment_3c2a89c09c2f4a68966054879eae10f7",
        "type": "ACTION_SEQUENCE",
        "params": [{
            "datatype": "collection",
            "name": "eventobject"
        }, {
            "datatype": "number",
            "name": "sectionNumber"
        }, {
            "datatype": "number",
            "name": "rowNumber"
        }],
        "contextObj": {
            "name": "taskList",
            "type": "forms",
            "platform": "",
            "KUID": "4bf6300e9c2d4825b39558889bb1d820"
        },
        "language": "js",
        "actions": [{
            "id": "ADD_SNIPPET__9bd07c5957284174a98ccd31338a238a",
            "type": "ADD_SNIPPET",
            "codeSnippet": "var segment = taskList.Segment098265c04911740.selectedRowIndex[0];\nvar row = taskList.Segment098265c04911740.selectedRowIndex[1];\ngetTaskDetailsSelected();\n//getTask(id);",
            "parentId": null,
            "callbackType": null
        }]
    }
}