{
    "AS__caa9f19552fd44af8bc01a5acdca0eab": {
        "id": "AS__caa9f19552fd44af8bc01a5acdca0eab",
        "type": "ACTION_SEQUENCE",
        "name": "backAction",
        "params": [{
            "datatype": "collection",
            "name": "eventobject"
        }],
        "actions": [{
            "id": "NAVIGATE_TO_FORM___6fbccdad0e394992b55c1d0d33ea9ca7",
            "type": "NAVIGATE_TO_FORM",
            "formId": "taskList",
            "formKUID": "4bf6300e9c2d4825b39558889bb1d820",
            "mappings": {},
            "mappingsOrder": [],
            "parentId": "",
            "callbackType": null,
            "enableMappingEditor": true
        }]
    }
}