{
    "AS_Button_d0348136eae54eec916b689016febc55": {
        "id": "AS_Button_d0348136eae54eec916b689016febc55",
        "type": "ACTION_SEQUENCE",
        "name": "taskDeleteAction",
        "params": [{
            "datatype": "collection",
            "name": "eventobject"
        }],
        "contextObj": {
            "name": "taskDetail",
            "type": "forms",
            "platform": null,
            "KUID": "65f1f162f0574139be7a908506ce58c8"
        },
        "actions": [{
            "id": "NAVIGATE_TO_FORM___bc866d9aa4ff450fb1f9f9e020585530",
            "type": "NAVIGATE_TO_FORM",
            "formId": "taskList",
            "formKUID": "4bf6300e9c2d4825b39558889bb1d820",
            "mappings": {},
            "mappingsOrder": [],
            "parentId": "",
            "callbackType": null,
            "enableMappingEditor": true
        }]
    }
}