{
    "AS_NamedActions_538e2854693c4aaaa5d4e5329679dbe7": {
        "id": "AS_NamedActions_538e2854693c4aaaa5d4e5329679dbe7",
        "type": "ACTION_SEQUENCE",
        "name": "taskAddAction",
        "actions": [{
            "id": "NAVIGATE_TO_FORM___22e4acf6b0a04b75afefc48a72f37fc5",
            "type": "NAVIGATE_TO_FORM",
            "formId": "taskDetail",
            "formKUID": "65f1f162f0574139be7a908506ce58c8",
            "mappings": {},
            "mappingsOrder": [],
            "parentId": "",
            "callbackType": null,
            "enableMappingEditor": true
        }]
    }
}