{
    "AS_Button_6566b1132a8641649da2ab9bc0533ff5": {
        "id": "AS_Button_6566b1132a8641649da2ab9bc0533ff5",
        "type": "ACTION_SEQUENCE",
        "name": "taskSaveAction",
        "params": [{
            "datatype": "collection",
            "name": "eventobject"
        }],
        "contextObj": {
            "name": "taskDetail",
            "type": "forms",
            "platform": null,
            "KUID": "65f1f162f0574139be7a908506ce58c8"
        },
        "actions": [{
            "id": "NAVIGATE_TO_FORM___0d417d02d4064c9db473e21eefc61364",
            "type": "NAVIGATE_TO_FORM",
            "formId": "taskList",
            "formKUID": "4bf6300e9c2d4825b39558889bb1d820",
            "mappings": {},
            "mappingsOrder": [],
            "parentId": "",
            "callbackType": null,
            "enableMappingEditor": true
        }]
    }
}