{
    "AS_Segment_a7165692c45d4a23ab05802355f16e06": {
        "id": "AS_Segment_a7165692c45d4a23ab05802355f16e06",
        "type": "ACTION_SEQUENCE",
        "name": "taskDetailAction",
        "params": [{
            "datatype": "collection",
            "name": "eventobject"
        }, {
            "datatype": "number",
            "name": "sectionNumber"
        }, {
            "datatype": "number",
            "name": "rowNumber"
        }],
        "contextObj": {
            "name": "taskList",
            "type": "forms",
            "platform": null,
            "KUID": "4bf6300e9c2d4825b39558889bb1d820"
        },
        "actions": [{
            "id": "NAVIGATE_TO_FORM___08465a704321408ba253f5437dc1284e",
            "type": "NAVIGATE_TO_FORM",
            "formId": "taskDetail",
            "formKUID": "65f1f162f0574139be7a908506ce58c8",
            "mappings": {},
            "mappingsOrder": [],
            "parentId": "",
            "callbackType": null,
            "enableMappingEditor": true
        }]
    }
}