{
    "DNDConfig": null,
    "_height_": {
        "type": "string",
        "value": "55dp"
    },
    "_margin_": [
        0,
        0,
        0,
        0
    ],
    "_orientation_": 6,
    "_padding_": [
        0,
        0,
        0,
        0
    ],
    "_percent_": true,
    "_width_": {
        "type": "string",
        "value": "100%"
    },
    "allboxes": [],
    "autogrowmode": 0,
    "canUpdateUI": true,
    "children": [
        "lblTitle",
        "lblID"
    ],
    "clipbounds": true,
    "containerId": true,
    "containerweight": 100,
    "enablescrolling": true,
    "id": "FBox015dcfde6d44944",
    "info": null,
    "isGeneratedTemplate": true,
    "isTemplate": true,
    "isvisible": true,
    "kuid": "9f910a48f5564d8c87b26e27fbacdac2",
    "layouttype": 2,
    "name": "kony.ui.FlexContainer",
    "pf": "FBox015dcfde6d44944",
    "snapgridsize": 10,
    "snaptogrid": true,
    "wType": "FlexContainer",
    "widgetalignment": 1
}