{
    "@class": "com.kony.gen.viz.model.component.KVizLabel",
    "DNDConfig": null,
    "__parentReadjusting__": false,
    "_height_": {
        "type": "ref",
        "value": "preferred"
    },
    "_left_": {
        "type": "string",
        "value": "70dp"
    },
    "_margin_": [
        1,
        1,
        1,
        1
    ],
    "_padding_": [
        0,
        0,
        0,
        0
    ],
    "_skin_": "s284f9f7cb2e45f89022b05a5e69d522",
    "_text_": "Label",
    "_top_": {
        "type": "string",
        "value": "9dp"
    },
    "_width_": {
        "type": "ref",
        "value": "preferred"
    },
    "_wrapping_": 2,
    "android": {
        "textStyle": {
            "letterSpacing": 0,
            "strikeThrough": false
        }
    },
    "canUpdateUI": true,
    "containerId": true,
    "containerweight": 100,
    "contentalignment": 4,
    "id": "lblID",
    "info": null,
    "ipad": {
        "psp": {
            "wrapping": 2
        }
    },
    "iphone": {
        "psp": {
            "wrapping": 2
        }
    },
    "isSegmentChild": true,
    "isvisible": false,
    "kuid": "48f6906f041f4491bf948e13a0ad00be",
    "name": "kony.ui.Label",
    "parent": "FBox015dcfde6d44944",
    "pf": "FBox015dcfde6d44944",
    "tooltip": "",
    "wType": "Label",
    "zindex": 1
}