{"createdVizVersion":"7.0.0","enableIdForAutomation":false,"watchos_longlooknotificationicon_42":"","wap_android240_fontsize":"12","mwaddrkey":"","watchos_notificationcentericon_38":"","createdgaversion":"7.0.0","wap_android640_fontsize":"12","winmobileguidkey":"","isDpScaleFactor":false,"desktopwebbasefontsize":"12","watchos_shortlooknotificationicon_42":"","wap_spaandroidtab_fontsize":"12","mastersProperties":{"mastersVersion":"1.0.0"},"apppackagekey":"","startupformkey":"taskList","wap_bb440_fontsize":"12","wap_spaandroidtabldpi_fontsize":"12","isA11yConfigEnabled":false,"wap_android480_fontsize":"12","wap_spawindowstab_fontsize":"12","wap_winphone320_fontsize":"12","defaulttheme":"defaultTheme","watchos_longlooknotificationicon_38":"","watchos_notificationcentericon_42":"","enableactionbar":false,"appmenu":{"focuSkin":null,"focusSkin":null,"osVersion":"iOS7","tablet":{"data":[{"id":"appmenuitemid1","icon":{"default":"option1.png"},"title":"Item 1","kuid":"09ea32c6b4324c09b31acda4fe86385e","windows8":{"position":"BOTTOM_LEFT","appBarButtonStyle":"No Style"}},{"id":"appmenuitemid2","icon":{"default":"option2.png"},"title":"Item 2","kuid":"301bea80c1b24b79b14cad9817d47252","windows8":{"position":"BOTTOM_LEFT","appBarButtonStyle":"No Style"}},{"id":"appmenuitemid3","icon":{"default":"option3.png"},"title":"Item 3","kuid":"e20c7cbbee184f91831b8c80445fcc49","windows8":{"position":"BOTTOM_LEFT","appBarButtonStyle":"No Style"}},{"id":"appmenuitemid4","icon":{"default":"option4.png"},"title":"Item 4","kuid":"e2eba8fe4fb1401ba8560756f01bb385","windows8":{"position":"BOTTOM_LEFT","appBarButtonStyle":"No Style"}}]},"wType":"Appmenu","focusskin":null,"context":{"platform":"iphone","channel":"mobile"},"osPlatform":"","desktop":{"data":[{"id":"appmenuitemid1","icon":{"default":"option1.png"},"title":"Item 1","kuid":"478ad10466314cfdb265efb489b1942e"},{"id":"appmenuitemid2","icon":{"default":"option2.png"},"title":"Item 2","kuid":"9bac34b1b20f4038b88bf115beff823f"},{"id":"appmenuitemid3","icon":{"default":"option3.png"},"title":"Item 3","kuid":"2ed89286b0b24a4b99aac5241b6313dd"},{"id":"appmenuitemid4","icon":{"default":"option4.png"},"title":"Item 4","kuid":"9092b77f5c844bbeac338c00c79a1627"}]},"focuskin":null,"skin":null,"mobile":{"data":[{"id":"appmenuitemid1","icon":{"default":"option1.png"},"title":"Item 1","kuid":"7a619c6614e440da90ea7d5cd552d3c0"},{"id":"appmenuitemid2","icon":{"default":"option2.png"},"title":"Item 2","kuid":"22b6b4791e944dcd92ed988f72f7e75b"},{"id":"appmenuitemid3","icon":{"default":"option3.png"},"title":"Item 3","kuid":"382f46ac8fac44edb36192aab213cd31"},{"id":"appmenuitemid4","icon":{"default":"option4.png"},"title":"Item 4","kuid":"90f875cd79d7496c8ea658c2ae7f75b8"}]}},"wap_android360_fontsize":"12","project.type":"js","appversionkey":"1.0.0","mwportkey":"","wap_bb400_fontsize":"12","isNewAppWithRespectToAndroidPackageName":"","build":"debug","wap_android320_fontsize":"12","statusBarHidden":"false","wap_winphone480_fontsize":"12","export.type":"studioviz","wap_bb240_fontsize":"12","wap_bb480_fontsize":"12","wap_bb320_fontsize":"12","wap_spaandroidtabmdpi_fontsize":"12","project_version":"sprint24","appaddrkey":"","wap_android400_fontsize":"12","wap_ip_fontsize":"12","watchos_shortlooknotificationicon_38":"","currentgaversion":"7.1.0","appidkey":"taskyScratch","mwhttpsportkey":"","vendornamekey":"KonyLabs","konyVizVersion":"7.1.0","appnamekey":"taskyScratch","APPLICATION_THEME":"default","wap_spaipad_fontsize":"12","wap_android440_fontsize":"12","wap_spaandroidtabhdpi_fontsize":"12","nativeContainerProperties":{"isModified":false,"isEnableJSContaineriOS":false,"isEnableJSContainerAndroid":false,"isEnableJSContainer":false},"wap_bb360_fontsize":"12"}