{
    "DNDConfig": null,
    "__parentReadjusting__": false,
    "_height_": {
        "type": "string",
        "value": "50dp"
    },
    "_left_": {
        "type": "string",
        "value": "0dp"
    },
    "_margin_": [
        0,
        0,
        0,
        0
    ],
    "_orientation_": 6,
    "_padding_": [
        0,
        0,
        0,
        0
    ],
    "_percent_": true,
    "_render_": true,
    "_right_": {
        "type": "string",
        "value": "10dp"
    },
    "_skin_": "s84cffafd17d45edad3cd89e0e063ee5",
    "_top_": {
        "type": "string",
        "value": "10dp"
    },
    "_width_": {
        "type": "string",
        "value": "100%"
    },
    "allboxes": [],
    "android": {
        "render": false
    },
    "autogrowmode": 0,
    "canUpdateUI": true,
    "children": [
        "deleteButtonIOS",
        "saveButtonIOS"
    ],
    "clipbounds": true,
    "containerweight": 100,
    "enablescrolling": true,
    "id": "actionsIos",
    "info": null,
    "iphone": {
        "render": true
    },
    "isvisible": true,
    "kuid": "023d3c97aaf04b8aa7d091d2dcfb5d85",
    "layouttype": 2,
    "name": "kony.ui.FlexContainer",
    "parent": "FlexContainer047261c92eeb84f",
    "pf": "taskDetail",
    "snapgridsize": 10,
    "snaptogrid": true,
    "spaan": {
        "render": false
    },
    "spabb": {
        "render": false
    },
    "spaip": {
        "render": false
    },
    "spawinphone8": {
        "render": false
    },
    "wType": "FlexContainer",
    "widgetalignment": 1,
    "winphone8": {
        "render": false
    },
    "zindex": 1
}