{
    "@class": "com.kony.gen.viz.model.component.KVizButton",
    "DNDConfig": null,
    "__parentReadjusting__": false,
    "_height_": {
        "type": "string",
        "value": "100%"
    },
    "_left_": {
        "type": "string",
        "value": "0dp"
    },
    "_margin_": [
        6,
        6,
        6,
        6
    ],
    "_padding_": [
        0,
        0,
        0,
        0
    ],
    "_skin_": "sc85fa311bd74389aa0824f26f421180",
    "_text_": "Button",
    "_top_": {
        "type": "string",
        "value": "0dp"
    },
    "_width_": {
        "type": "string",
        "value": "20%"
    },
    "canUpdateUI": true,
    "containerweight": 100,
    "contentalignment": 5,
    "disabledSkins": {},
    "displaytext": false,
    "focusskin": "sad55c808d494140ac0be977ea59e6ea",
    "id": "backButtonHeader",
    "ide_onClick": "AS_Button_28da27bc27fc4cbca80e1706bede4de3",
    "info": null,
    "isvisible": true,
    "kuid": "301a692f3bf742528935e53f4e758fae",
    "name": "kony.ui.Button",
    "onclick": "AS__caa9f19552fd44af8bc01a5acdca0eab",
    "parent": "FlexContainer0a084c6bbc7264c",
    "pf": "taskDetail",
    "wType": "Button",
    "zindex": 1
}