{
    "@class": "com.kony.gen.viz.model.component.KVizImage2",
    "DNDConfig": null,
    "__parentReadjusting__": false,
    "_base64_": null,
    "_height_": {
        "type": "string",
        "value": "45.45%"
    },
    "_left_": {
        "type": "string",
        "value": "20dp"
    },
    "_margin_": [
        0,
        0,
        0,
        0
    ],
    "_padding_": [
        0,
        0,
        0,
        0
    ],
    "_render_": true,
    "_skin_": "s9ac3934efef457b93aabd4c5e74bc79",
    "_src_": "backios.png",
    "_top_": {
        "type": "string",
        "value": "0dp"
    },
    "_width_": {
        "type": "string",
        "value": "30dp"
    },
    "android": {
        "render": false
    },
    "canUpdateUI": true,
    "centery": {
        "type": "string",
        "value": "50%"
    },
    "containerweight": 100,
    "context": {
        "channel": "mobile",
        "formID": "taskDetail",
        "platform": "iphone",
        "templateType": "forms",
        "topLevelBox": null
    },
    "id": "backButtoniOS",
    "imagescalemode": 1,
    "info": null,
    "invokedProperty": "src",
    "iphone": {
        "render": true
    },
    "isvisible": true,
    "kuid": "d12879e705274859b412c6eebabb28c4",
    "name": "kony.ui.Image2",
    "parent": "FlexContainer0a084c6bbc7264c",
    "pf": "taskDetail",
    "spaan": {
        "render": false
    },
    "spabb": {
        "render": false
    },
    "spaip": {
        "render": false
    },
    "spawinphone8": {
        "render": false
    },
    "srcType": 1,
    "wType": "Image",
    "widgetalignment": 5,
    "winphone8": {
        "render": false
    },
    "zindex": 1
}