{
    "DNDConfig": null,
    "__parentReadjusting__": false,
    "_height_": {
        "type": "string",
        "value": "55dp"
    },
    "_left_": {
        "type": "string",
        "value": "0dp"
    },
    "_margin_": [
        0,
        0,
        0,
        0
    ],
    "_orientation_": 6,
    "_padding_": [
        0,
        0,
        0,
        0
    ],
    "_percent_": true,
    "_skin_": "s84cffafd17d45edad3cd89e0e063ee5",
    "_top_": {
        "type": "string",
        "value": "0dp"
    },
    "_width_": {
        "type": "string",
        "value": "100%"
    },
    "allboxes": [],
    "autogrowmode": 0,
    "canUpdateUI": true,
    "children": [
        "Label09009a3ea2c224b",
        "txtbxTitle"
    ],
    "clipbounds": true,
    "containerweight": 100,
    "enablescrolling": true,
    "id": "CopyFlexContainer002a7bdc50f5a4d",
    "info": null,
    "isvisible": true,
    "kuid": "83a16f2f0ad4417d90fce233d03b2cb7",
    "layouttype": 3,
    "name": "kony.ui.FlexContainer",
    "parent": "FlexContainer0456b2772419440",
    "pf": "taskDetail",
    "snapgridsize": 10,
    "snaptogrid": true,
    "wType": "FlexContainer",
    "widgetalignment": 1
}