{
    "DNDConfig": null,
    "__parentReadjusting__": false,
    "_height_": {
        "type": "string",
        "value": "55dp"
    },
    "_left_": {
        "type": "string",
        "value": "0dp"
    },
    "_margin_": [
        0,
        0,
        0,
        0
    ],
    "_orientation_": 6,
    "_padding_": [
        0,
        0,
        0,
        0
    ],
    "_percent_": true,
    "_skin_": "s84cffafd17d45edad3cd89e0e063ee5",
    "_top_": {
        "type": "string",
        "value": "0dp"
    },
    "_width_": {
        "type": "string",
        "value": "100%"
    },
    "allboxes": [],
    "autogrowmode": 0,
    "canUpdateUI": true,
    "children": [
        "CopyFlexContainer0f3ff1ac6908d45",
        "doneIos",
        "doneAndroid"
    ],
    "clipbounds": true,
    "containerweight": 100,
    "enablescrolling": true,
    "id": "CopyFlexContainer0f0537b8b3f2546",
    "info": null,
    "isvisible": true,
    "kuid": "034bb6d1a38f4d16818b4e5a4846c87a",
    "layouttype": 2,
    "name": "kony.ui.FlexContainer",
    "parent": "FlexContainer047261c92eeb84f",
    "pf": "taskDetail",
    "snapgridsize": 10,
    "snaptogrid": true,
    "wType": "FlexContainer",
    "widgetalignment": 1
}