{
    "@class": "com.kony.gen.viz.model.component.KVizSwitch",
    "DNDConfig": null,
    "__parentReadjusting__": false,
    "_height_": {
        "type": "string",
        "value": "100%"
    },
    "_margin_": [
        0,
        0,
        0,
        0
    ],
    "_padding_": [
        0,
        0,
        0,
        0
    ],
    "_right_": {
        "type": "number",
        "value": "10"
    },
    "_skin_": "s8ffacdf1582451388ed790bd6d0e3c0",
    "_top_": {
        "type": "string",
        "value": "0dp"
    },
    "_width_": {
        "type": "string",
        "value": "100dp"
    },
    "canUpdateUI": true,
    "centery": {
        "type": "string",
        "value": "50%"
    },
    "containerweight": 100,
    "id": "CopySwitch0d118016009244c",
    "info": null,
    "isvisible": true,
    "kiosk": {
        "render": false
    },
    "kuid": "5fcddda714a141e8a823d15bc291eedc",
    "leftsidetext": "ON",
    "name": "kony.ui.Switch",
    "osPlatform": "iphone",
    "osVersion": "iOS7",
    "parent": "doneAndroid",
    "pf": "taskDetail",
    "rightsidetext": "OFF",
    "selectedindex": 0,
    "wType": "Switch",
    "widgetalignment": 5,
    "zindex": 1
}