{
    "@class": "com.kony.gen.viz.model.component.KVizButton",
    "DNDConfig": null,
    "__parentReadjusting__": false,
    "_height_": {
        "type": "string",
        "value": "50dp"
    },
    "_left_": {
        "type": "string",
        "value": "10dp"
    },
    "_margin_": [
        6,
        6,
        6,
        6
    ],
    "_padding_": [
        0,
        0,
        0,
        0
    ],
    "_right_": {
        "type": "string",
        "value": "49%"
    },
    "_skin_": "s0792c956a4f40bba76136f3cb37364e",
    "_text_": "Delete",
    "_top_": {
        "type": "string",
        "value": "0dp"
    },
    "_width_": {
        "type": "string",
        "value": "46%"
    },
    "canUpdateUI": true,
    "containerweight": 100,
    "contentalignment": 5,
    "displaytext": true,
    "focusskin": "s8548510969a443ea40aee5593a925fa",
    "id": "deleteButtonIOS",
    "ide_onClick": "AS_Button_2061212ad46840f18d5a0f96c8166dee",
    "info": null,
    "isvisible": true,
    "kuid": "04595c3700df473fbc4c723bf9da544d",
    "name": "kony.ui.Button",
    "onclick": "AS_Button_d0348136eae54eec916b689016febc55",
    "parent": "actionsIos",
    "pf": "taskDetail",
    "wType": "Button",
    "zindex": 1
}