{
    "@class": "com.kony.gen.viz.model.component.KVizButton",
    "DNDConfig": null,
    "__parentReadjusting__": false,
    "_height_": {
        "type": "string",
        "value": "50dp"
    },
    "_margin_": [
        6,
        6,
        6,
        6
    ],
    "_padding_": [
        0,
        0,
        0,
        0
    ],
    "_right_": {
        "type": "string",
        "value": "100dp"
    },
    "_skin_": "s9ee64c822404bbd97e8ae7ddf1c9d43",
    "_text_": "DELETE",
    "_top_": {
        "type": "string",
        "value": "0dp"
    },
    "_width_": {
        "type": "string",
        "value": "90dp"
    },
    "canUpdateUI": true,
    "containerweight": 100,
    "contentalignment": 5,
    "displaytext": true,
    "focusskin": "sb1c883689524b66942094f0fd13e42c",
    "id": "deleteButtonAndroid",
    "ide_onClick": "AS_Button_f29528808b88486a96c52ffb9b39fdff",
    "info": null,
    "isvisible": true,
    "kuid": "694ea68537564ea5be818d416412b239",
    "name": "kony.ui.Button",
    "onclick": "AS_Button_d0348136eae54eec916b689016febc55",
    "parent": "actionsAndroid",
    "pf": "taskDetail",
    "wType": "Button",
    "zindex": 1
}