{
    "DNDConfig": null,
    "__parentReadjusting__": false,
    "_height_": {
        "type": "string",
        "value": "55dp"
    },
    "_left_": {
        "type": "string",
        "value": "0dp"
    },
    "_margin_": [
        0,
        0,
        0,
        0
    ],
    "_orientation_": 6,
    "_padding_": [
        0,
        0,
        0,
        0
    ],
    "_percent_": true,
    "_render_": true,
    "_skin_": "s84cffafd17d45edad3cd89e0e063ee5",
    "_top_": {
        "type": "string",
        "value": "0dp"
    },
    "_width_": {
        "type": "string",
        "value": "100%"
    },
    "allboxes": [],
    "android": {
        "render": true
    },
    "autogrowmode": 0,
    "canUpdateUI": true,
    "children": [
        "CopyLabel004ffb001e0f648",
        "CopySwitch0d118016009244c"
    ],
    "clipbounds": true,
    "containerweight": 100,
    "enablescrolling": true,
    "id": "doneAndroid",
    "info": null,
    "iphone": {
        "render": false
    },
    "isvisible": true,
    "kuid": "3686043d28ec4b148d99119385723851",
    "layouttype": 2,
    "name": "kony.ui.FlexContainer",
    "parent": "CopyFlexContainer0f0537b8b3f2546",
    "pf": "taskDetail",
    "snapgridsize": 10,
    "snaptogrid": true,
    "spaan": {
        "render": false
    },
    "spabb": {
        "render": false
    },
    "spaip": {
        "render": false
    },
    "spawinphone8": {
        "render": false
    },
    "wType": "FlexContainer",
    "widgetalignment": 1,
    "winphone8": {
        "render": false
    }
}