{
    "DNDConfig": null,
    "__parentReadjusting__": false,
    "_height_": {
        "type": "string",
        "value": "55dp"
    },
    "_left_": {
        "type": "string",
        "value": "0dp"
    },
    "_margin_": [
        0,
        0,
        0,
        0
    ],
    "_orientation_": 6,
    "_padding_": [
        0,
        0,
        0,
        0
    ],
    "_percent_": true,
    "_skin_": "s84cffafd17d45edad3cd89e0e063ee5",
    "_top_": {
        "type": "string",
        "value": "0dp"
    },
    "_width_": {
        "type": "string",
        "value": "100%"
    },
    "allboxes": [],
    "autogrowmode": 0,
    "canUpdateUI": true,
    "children": [
        "FlexContainer0e393da8810cd45",
        "CopyFlexContainer002a7bdc50f5a4d"
    ],
    "clipbounds": true,
    "containerweight": 100,
    "enablescrolling": true,
    "id": "FlexContainer0456b2772419440",
    "info": null,
    "isvisible": true,
    "kuid": "63786003175c4ace994e0e442c5484cf",
    "layouttype": 2,
    "name": "kony.ui.FlexContainer",
    "parent": "FlexContainer047261c92eeb84f",
    "pf": "taskDetail",
    "snapgridsize": 10,
    "snaptogrid": true,
    "wType": "FlexContainer",
    "widgetalignment": 1
}