{
    "DNDConfig": null,
    "__parentReadjusting__": false,
    "_height_": {
        "type": "string",
        "value": "55dp"
    },
    "_left_": {
        "type": "string",
        "value": "0dp"
    },
    "_margin_": [
        0,
        0,
        0,
        0
    ],
    "_orientation_": 6,
    "_padding_": [
        0,
        0,
        0,
        0
    ],
    "_percent_": true,
    "_skin_": "s84cffafd17d45edad3cd89e0e063ee5",
    "_top_": {
        "type": "string",
        "value": "0dp"
    },
    "_width_": {
        "type": "string",
        "value": "100%"
    },
    "allboxes": [],
    "autogrowmode": 0,
    "canUpdateUI": true,
    "children": [
        "FlexContainer06de2dd6718364f",
        "Label006def214a2384c",
        "Image07027ce43695647",
        "CopyImage00c9ff158656044",
        "backButtoniOS",
        "backButtonHeader",
        "backButtonAndroid"
    ],
    "clipbounds": true,
    "containerweight": 100,
    "enablescrolling": true,
    "id": "FlexContainer0a084c6bbc7264c",
    "info": null,
    "isvisible": true,
    "kuid": "bdef48be90b64e7f94ccf4a8c853cdd2",
    "layouttype": 2,
    "name": "kony.ui.FlexContainer",
    "parent": "taskDetail",
    "pf": "taskDetail",
    "snapgridsize": 10,
    "snaptogrid": true,
    "wType": "FlexContainer",
    "widgetalignment": 1
}