{
    "DNDConfig": null,
    "__parentReadjusting__": false,
    "_bottom_": {
        "type": "number",
        "value": "0"
    },
    "_left_": {
        "type": "string",
        "value": "0dp"
    },
    "_margin_": [
        0,
        0,
        0,
        0
    ],
    "_orientation_": 6,
    "_padding_": [
        0,
        0,
        0,
        0
    ],
    "_percent_": true,
    "_skin_": "s84cffafd17d45edad3cd89e0e063ee5",
    "_top_": {
        "type": "string",
        "value": "55dp"
    },
    "_width_": {
        "type": "string",
        "value": "100%"
    },
    "allboxes": [],
    "autogrowmode": 0,
    "canUpdateUI": true,
    "children": [
        "FlexContainer0456b2772419440",
        "CopyFlexContainer0eea582c0edb34d",
        "CopyFlexContainer0f0537b8b3f2546",
        "actionsIos",
        "actionsAndroid"
    ],
    "clipbounds": true,
    "containerweight": 100,
    "enablescrolling": true,
    "id": "FlexContainer047261c92eeb84f",
    "info": null,
    "isvisible": true,
    "kuid": "df90ba5515cf438dbda0cc66c94d9fd4",
    "layouttype": 4,
    "name": "kony.ui.FlexContainer",
    "parent": "taskDetail",
    "pf": "taskDetail",
    "snapgridsize": 10,
    "snaptogrid": true,
    "wType": "FlexContainer",
    "widgetalignment": 1,
    "zindex": 1
}