{
    "@class": "com.kony.gen.viz.model.component.KVizButton",
    "DNDConfig": null,
    "__parentReadjusting__": false,
    "_height_": {
        "type": "string",
        "value": "50dp"
    },
    "_margin_": [
        6,
        6,
        6,
        6
    ],
    "_padding_": [
        0,
        0,
        0,
        0
    ],
    "_right_": {
        "type": "string",
        "value": "10dp"
    },
    "_skin_": "s9ee64c822404bbd97e8ae7ddf1c9d43",
    "_text_": "SAVE",
    "_top_": {
        "type": "string",
        "value": "0dp"
    },
    "_width_": {
        "type": "string",
        "value": "90dp"
    },
    "canUpdateUI": true,
    "containerweight": 100,
    "contentalignment": 5,
    "displaytext": true,
    "focusskin": "sb1c883689524b66942094f0fd13e42c",
    "id": "saveButtonAndroid",
    "ide_onClick": "AS_Button_82cb1047a4794b91bb75b7b3eb621b7f",
    "info": null,
    "isvisible": true,
    "kuid": "d7086a2201a54354b955b38c63232b25",
    "name": "kony.ui.Button",
    "onclick": "AS_Button_6566b1132a8641649da2ab9bc0533ff5",
    "parent": "actionsAndroid",
    "pf": "taskDetail",
    "wType": "Button",
    "zindex": 1
}