{
    "@class": "com.kony.gen.viz.model.component.KVizButton",
    "DNDConfig": null,
    "__parentReadjusting__": false,
    "_height_": {
        "type": "string",
        "value": "50dp"
    },
    "_margin_": [
        6,
        6,
        6,
        6
    ],
    "_padding_": [
        0,
        0,
        0,
        0
    ],
    "_right_": {
        "type": "string",
        "value": "10dp"
    },
    "_skin_": "se0e45c0c0494c7cb02c824ab712757f",
    "_text_": "Save",
    "_top_": {
        "type": "string",
        "value": "0dp"
    },
    "_width_": {
        "type": "string",
        "value": "46%"
    },
    "canUpdateUI": true,
    "containerweight": 100,
    "contentalignment": 5,
    "displaytext": true,
    "focusskin": "sac16edad57e4d55a04d6acab822ddfa",
    "id": "saveButtonIOS",
    "ide_onClick": "AS_Button_b8e7b0625fd941e0a0f922586da3ef58",
    "info": null,
    "isvisible": true,
    "kuid": "36f47921fe094a27a255212057027938",
    "name": "kony.ui.Button",
    "onclick": "AS_Button_6566b1132a8641649da2ab9bc0533ff5",
    "parent": "actionsIos",
    "pf": "taskDetail",
    "wType": "Button",
    "zindex": 1
}