{
    "@class": "com.kony.gen.viz.model.component.KVizSwitch",
    "DNDConfig": null,
    "__parentReadjusting__": false,
    "_height_": {
        "type": "string",
        "value": "100%"
    },
    "_left_": {
        "type": "string",
        "value": "0%"
    },
    "_margin_": [
        0,
        0,
        0,
        0
    ],
    "_padding_": [
        0,
        0,
        0,
        0
    ],
    "_skin_": "s8ffacdf1582451388ed790bd6d0e3c0",
    "_top_": {
        "type": "string",
        "value": "23dp"
    },
    "_width_": {
        "type": "string",
        "value": "100dp"
    },
    "canUpdateUI": true,
    "centery": {
        "type": "string",
        "value": "70%"
    },
    "containerweight": 100,
    "id": "switchStatus",
    "info": null,
    "isvisible": true,
    "kiosk": {
        "render": false
    },
    "kuid": "70f738b338cb40e883844dcb8e92a0fe",
    "leftsidetext": "ON",
    "name": "kony.ui.Switch",
    "onslide": null,
    "osPlatform": "iphone",
    "osVersion": "iOS7",
    "parent": "doneIos",
    "pf": "taskDetail",
    "rightsidetext": "OFF",
    "selectedindex": 0,
    "wType": "Switch",
    "widgetalignment": 5,
    "zindex": 1
}