{
    "@class": "com.kony.gen.viz.model.component.KVizTextBox2",
    "DNDConfig": null,
    "__parentReadjusting__": false,
    "_height_": {
        "type": "string",
        "value": "100%"
    },
    "_left_": {
        "type": "string",
        "value": "0dp"
    },
    "_margin_": [
        0,
        0,
        0,
        0
    ],
    "_padding_": [
        3,
        0,
        0,
        0
    ],
    "_placeholder_": "",
    "_skin_": "s1c566d7cd0a4b6a93ec5f61e2ca888e",
    "_text_": "Pick Up Groceries",
    "_top_": {
        "type": "string",
        "value": "0dp"
    },
    "_width_": {
        "type": "string",
        "value": "75%"
    },
    "android": {
        "contentAlignment": 4
    },
    "autocapitalize": "none",
    "autocomplete": false,
    "autocorrect": false,
    "autofilter": false,
    "canUpdateUI": true,
    "containerheight": "",
    "containerheightmode": 1,
    "containerweight": 100,
    "contentalignment": 4,
    "focusskin": "s1c566d7cd0a4b6a93ec5f61e2ca888e",
    "id": "txtbxTitle",
    "info": null,
    "iphone": {
        "contentAlignment": 4
    },
    "isvisible": true,
    "keyboardtype": "A",
    "kuid": "110687489d9146888166f11f13d5cc37",
    "maxtextlength": "",
    "mode": "A",
    "name": "kony.ui.TextBox2",
    "parent": "CopyFlexContainer002a7bdc50f5a4d",
    "pf": "taskDetail",
    "securetextentry": false,
    "textinputmode": "A",
    "viewtype": "default",
    "wType": "TextField",
    "zindex": 1
}